institution_id,selection_cohort,cohort_position,institution,country,program,analyzed_records,unique_posts,high_relevance,medium_relevance,general_forum,school_forum,mean_compound,median_compound,mean_full_text_compound,mean_ci95_low,mean_ci95_high,positive,neutral,negative,positive_share,negative_share,accepted_or_offer,rejected,waitlisted,pending_or_waiting,top_topic,sample_confidence,interpretation_note
1,QS,1,Lund University,Sweden,MSc Environmental Studies and Sustainability Science (LUMES),21,21,4,17,16,5,0.14404285714285714,0.25,0.8384904761904762,0.013751080399528742,0.2743346338861855,11,8,2,0.5238095238095238,0.09523809523809523,7,0,1,0,Admissions,Low coverage,Observational discussion sentiment; not a program-quality score.
2,QS,2,University of Toronto,Canada,Master of Environment & Sustainability,408,408,10,398,248,160,0.09283651960784313,0,0.6118274509803922,0.06392623582482314,0.12174680339086312,134,219,55,0.3284313725490196,0.13480392156862744,87,19,6,9,Admissions,High coverage,Observational discussion sentiment; not a program-quality score.
3,QS,3,UCL,United Kingdom,"Sustainable Resources: Economics, Policy and Transitions MSc",268,268,19,249,217,51,0.13139962686567164,0,0.6843742537313433,0.09558063015750706,0.1672186235738362,95,151,22,0.35447761194029853,0.08208955223880597,46,14,2,10,Admissions,High coverage,Observational discussion sentiment; not a program-quality score.
4,QS,4,The University of Edinburgh,United Kingdom,MSc Global Strategy and Sustainability,92,92,3,89,68,24,0.07218260869565217,0,0.6249021739130435,0.009897723381990478,0.13446749400931385,27,52,13,0.29347826086956524,0.14130434782608695,32,1,0,2,Admissions,Medium coverage,Observational discussion sentiment; not a program-quality score.
5,QS,5,University of British Columbia,Canada,Master of Engineering Leadership in Clean Energy Engineering,283,283,7,276,176,107,0.090073851590106,0,0.5891293286219081,0.056851042864967886,0.12329666031524411,86,167,30,0.303886925795053,0.10600706713780919,44,16,5,5,Admissions,High coverage,Observational discussion sentiment; not a program-quality score.
6,QS,6,The London School of Economics and Political Science (LSE),United Kingdom,MSc Environmental Policy and Regulation,352,352,20,332,244,108,0.14353664772727273,0,0.6848613636363636,0.11005363037506752,0.17701966507947794,130,188,34,0.3693181818181818,0.09659090909090909,50,15,3,6,Admissions,High coverage,Observational discussion sentiment; not a program-quality score.
7,QS,7,Imperial College London,United Kingdom,"MSc Climate Change, Management & Finance",199,199,24,175,88,111,0.13650653266331658,0,0.7121150753768845,0.10103383373317108,0.17197923159346207,76,108,15,0.38190954773869346,0.07537688442211055,35,12,3,8,Admissions,High coverage,Observational discussion sentiment; not a program-quality score.
8,QS,8,The University of New South Wales (UNSW Sydney),Australia,Master of Environmental Management,85,85,6,79,21,64,0.12810470588235293,0,0.6970976470588235,0.07037134701009004,0.1858380647546158,29,50,6,0.3411764705882353,0.07058823529411765,11,1,1,1,Admissions,Medium coverage,Observational discussion sentiment; not a program-quality score.
9,QS,9,McGill University,Canada,MSc Geography - Sustainability Science and Environmental Management research theme,185,185,8,177,150,35,0.04971351351351352,0,0.6390762162162162,0.014374322755184174,0.08505270427184286,49,112,24,0.2648648648648649,0.12972972972972974,27,10,3,3,Admissions,High coverage,Observational discussion sentiment; not a program-quality score.
10,QS,10,The University of Manchester,United Kingdom,MSc Environmental Governance,51,51,2,49,30,21,0.14090196078431372,0,0.8262843137254902,0.059384933772238815,0.22241898779638863,20,27,4,0.39215686274509803,0.0784313725490196,7,1,0,3,Admissions,Medium coverage,Observational discussion sentiment; not a program-quality score.
11,QS,11,ETH Zurich,Switzerland,MSc Environmental Sciences,122,122,2,120,75,47,0.1357844262295082,0,0.808711475409836,0.08892969237275923,0.1826391600862572,55,57,10,0.45081967213114754,0.08196721311475409,24,1,1,1,Admissions,High coverage,Observational discussion sentiment; not a program-quality score.
12,QS,12,The University of Melbourne,Australia,Master of Environment,145,145,16,129,29,116,0.08189310344827586,0,0.7604924137931034,0.041178307847526074,0.12260789904902564,35,98,12,0.2413793103448276,0.08275862068965517,25,4,1,2,Admissions,High coverage,Observational discussion sentiment; not a program-quality score.
13,QS,13,"University of California, Berkeley (UCB)",United States,Master of Climate Solutions,486,486,34,452,360,126,0.07368415637860082,0,0.6665829218106996,0.04751487150673558,0.09985344125046605,143,282,61,0.294238683127572,0.12551440329218108,111,29,22,16,Admissions,High coverage,Observational discussion sentiment; not a program-quality score.
14,QS,14,Stanford University,United States,MS Sustainability Science and Practice,806,806,40,766,779,27,0.08415533498759305,0,0.5939578163771713,0.06267286028115364,0.10563780969403246,276,418,112,0.3424317617866005,0.13895781637717122,137,71,13,14,Admissions,High coverage,Observational discussion sentiment; not a program-quality score.
15,QS,15,University of Oxford,United Kingdom,"MSc in Sustainability, Enterprise and the Environment",57,57,5,52,44,13,0.14496140350877193,0,0.7593,0.05587339754906094,0.2340494094684829,24,26,7,0.42105263157894735,0.12280701754385964,4,5,0,1,Admissions,Medium coverage,Observational discussion sentiment; not a program-quality score.
16,QS,16,The University of Sydney,Australia,Master of Sustainability,24,24,6,18,24,0,0.12232916666666666,0,0.7624208333333333,0.040681193881949795,0.20397713945138352,9,14,1,0.375,0.041666666666666664,3,1,0,1,Admissions,Low coverage,Observational discussion sentiment; not a program-quality score.
17,QS,17,Australian National University (ANU),Australia,Master of Climate Change,14,14,1,13,14,0,0.09947857142857143,0,0.6186857142857143,-0.0549237129516998,0.2538808558088427,6,6,2,0.42857142857142855,0.14285714285714285,0,1,0,0,Admissions,Low coverage,Observational discussion sentiment; not a program-quality score.
18,QS,18,King's College London,United Kingdom,"Environment, Politics and Development MSc",58,58,3,55,58,0,0.11271896551724138,0,0.631601724137931,0.03743475498093371,0.18800317605354905,20,32,6,0.3448275862068966,0.10344827586206896,12,0,0,4,Admissions,Medium coverage,Observational discussion sentiment; not a program-quality score.
19,QS,19,University of Bristol,United Kingdom,MSc Environmental Policy and Management,15,15,1,14,15,0,0.24069333333333334,0,0.9524733333333334,0.0735410276060782,0.40784563906058846,7,7,1,0.4666666666666667,0.06666666666666667,0,0,0,0,Admissions,Low coverage,Observational discussion sentiment; not a program-quality score.
20,QS,20,New York University (NYU),United States,MS in Environmental Policy and Sustainability Management,843,843,47,796,843,0,0.08351328588374853,0,0.6000257413997627,0.06358460138102301,0.10344197038647404,251,489,103,0.2977461447212337,0.1221826809015421,172,70,16,27,Admissions,High coverage,Observational discussion sentiment; not a program-quality score.
21,QS,21,Pennsylvania State University,United States,Master of Professional Studies in Renewable Energy and Sustainability Systems,139,139,11,128,139,0,0.07815827338129497,0,0.577268345323741,0.032858468589756724,0.12345807817283322,39,87,13,0.2805755395683453,0.09352517985611511,19,12,2,3,Admissions,High coverage,Observational discussion sentiment; not a program-quality score.
22,QS,22,KU Leuven,Belgium,Master of Sustainable Development,49,49,4,45,49,0,0.08809999999999998,0,0.8232571428571429,0.012448024934352597,0.16375197506564737,14,29,6,0.2857142857142857,0.12244897959183673,12,0,0,0,Admissions,Medium coverage,Observational discussion sentiment; not a program-quality score.
23,QS,23,University of Helsinki,Finland,Master's Programme in Environmental Change and Global Sustainability,5,5,3,2,5,0,0.06808,0,0.40318,-0.15835898237679835,0.29451898237679836,2,2,1,0.4,0.2,0,2,0,1,Admissions,Insufficient for comparison,Observational discussion sentiment; not a program-quality score.
24,QS,24,Durham University,United Kingdom,"MSc Climate Change, Environmental Processes and Sustainable Futures",10,10,2,8,10,0,0.040360000000000014,0,0.51541,-0.1827986874663757,0.26351868746637575,3,4,3,0.3,0.3,2,0,0,0,Admissions,Low coverage,Observational discussion sentiment; not a program-quality score.
25,QS,25,University of Leeds,United Kingdom,"MSc Sustainability, Environment and Development",9,9,0,9,9,0,0.14845555555555556,0,0.4603555555555556,-0.05600914315552352,0.35292025426663465,4,3,2,0.4444444444444444,0.2222222222222222,1,0,0,0,Admissions,Insufficient for comparison,Observational discussion sentiment; not a program-quality score.
26,QS,26,Western University,Canada,Master of Environment and Sustainability,21,21,0,21,21,0,-0.0007190476190476151,0,0.5931095238095239,-0.09423246156544951,0.09279436632735427,4,14,3,0.19047619047619047,0.14285714285714285,3,1,1,0,Admissions,Low coverage,Observational discussion sentiment; not a program-quality score.
27,QS,27,University of Glasgow,United Kingdom,MSc Environment & Sustainable Development,19,19,1,18,19,0,0.12234210526315789,0,0.8164947368421053,0.026709887567202537,0.21797432295911323,6,13,0,0.3157894736842105,0,3,1,0,0,Admissions,Low coverage,Observational discussion sentiment; not a program-quality score.
28,QS,28,The University of Auckland,New Zealand,Master of Environmental Science,8,8,1,7,8,0,-0.031225000000000003,0,0.625325,-0.14723578965768658,0.08478578965768657,1,5,2,0.125,0.25,1,0,0,0,Admissions,Insufficient for comparison,Observational discussion sentiment; not a program-quality score.
29,QS,29,"Trinity College Dublin, The University of Dublin",Ireland,MSc Environmental Sciences,14,14,1,13,14,0,0.003249999999999997,0,0.5772285714285714,-0.16470545672954712,0.17120545672954712,4,6,4,0.2857142857142857,0.2857142857142857,4,1,0,1,Admissions,Low coverage,Observational discussion sentiment; not a program-quality score.
30,QS,30,University of Pennsylvania,United States,Master of Environmental Studies,391,391,24,367,391,0,0.07384015345268542,0,0.5351572890025575,0.044379200975866784,0.10330110592950406,118,221,52,0.30179028132992325,0.1329923273657289,68,39,6,12,Admissions,High coverage,Observational discussion sentiment; not a program-quality score.
52,THE,1,Griffith University,Australia,Master of Global Development - Sustainable Development major,1,1,0,1,1,0,0.5994,0.5994,0.9667,,,1,0,0,1,0,0,0,0,0,Admissions,Insufficient for comparison,Observational discussion sentiment; not a program-quality score.
53,THE,2,Western Sydney University,Australia,"Master of Sustainable Tourism, Hospitality and Event Management",3,3,1,2,3,0,0.25223333333333336,0.2144,0.9659666666666666,-0.05683375310008881,0.5613004197667555,2,1,0,0.6666666666666666,0,1,0,0,0,Admissions,Insufficient for comparison,Observational discussion sentiment; not a program-quality score.
54,THE,3,Queen's University,Canada,Master of Environmental Studies,21,21,3,18,21,0,0.12281904761904763,0,0.6888190476190477,0.01607117015235303,0.22956692508574222,8,12,1,0.38095238095238093,0.047619047619047616,4,0,0,1,Admissions,Low coverage,Observational discussion sentiment; not a program-quality score.
55,THE,4,Universiti Sains Malaysia,Malaysia,Master in Sustainable Development Practice,0,0,0,0,0,0,,,,,,0,0,0,,,0,0,0,0,,No analyzed posts,No eligible matched posts; sentiment intentionally left blank.
56,THE,5,Hanyang University,South Korea,Master's majors in Global Climate and Environmental Studies,1,1,1,0,1,0,0.5106,0.5106,0.9886,,,1,0,0,1,0,0,0,0,0,Admissions,Insufficient for comparison,Observational discussion sentiment; not a program-quality score.
57,THE,6,Hokkaido University,Japan,"Master's Program, Graduate School of Environmental Science",3,3,1,2,3,0,-0.13396666666666665,0,0.6641,-0.3965413333333333,0.12860800000000003,0,2,1,0,0.3333333333333333,0,0,0,0,Admissions,Insufficient for comparison,Observational discussion sentiment; not a program-quality score.
58,THE,7,Universiti Kebangsaan Malaysia,Malaysia,Master of Science / Master of Arts in Environment and Development,1,1,0,1,1,0,0,0,0.5661,,,0,1,0,0,0,0,0,0,0,Curriculum,Insufficient for comparison,Observational discussion sentiment; not a program-quality score.
59,THE,8,Institut Agro,France,Master's pathway: Transitions in Environmental and Agrifood Systems Management,0,0,0,0,0,0,,,,,,0,0,0,,,0,0,0,0,,No analyzed posts,No eligible matched posts; sentiment intentionally left blank.
60,THE,9,National Taiwan University (NTU),Taiwan,Master's Program in Biodiversity,8,8,0,8,8,0,0.3418,0.4404,0.8303625,0.16820355366540474,0.5153964463345952,6,2,0,0.75,0,0,0,0,0,Admissions,Insufficient for comparison,Observational discussion sentiment; not a program-quality score.
61,THE,10,University of Alberta,Canada,Master of Sustainability,37,37,6,31,37,0,0.12434864864864865,0,0.683072972972973,0.045406685302623054,0.20329061199467424,12,24,1,0.32432432432432434,0.02702702702702703,4,1,0,0,Admissions,Medium coverage,Observational discussion sentiment; not a program-quality score.
62,THE,11,Korea University,South Korea,Master's in Climatic Environment,2,2,0,2,2,0,0.6306,0.6306,0.97765,0.3954000000000001,0.8658,2,0,0,1,0,0,0,0,0,Cost and Funding,Insufficient for comparison,Observational discussion sentiment; not a program-quality score.
63,THE,12,Universitas Airlangga,Indonesia,Master of Environmental Health,0,0,0,0,0,0,,,,,,0,0,0,,,0,0,0,0,,No analyzed posts,No eligible matched posts; sentiment intentionally left blank.
64,THE,13,Pusan National University,South Korea,"Master's programs, Graduate School of Environment",10,10,5,5,10,0,0.45648,0.5106,0.96518,0.2954714410901085,0.6174885589098915,8,2,0,0.8,0,0,0,0,0,Cost and Funding,Low coverage,Observational discussion sentiment; not a program-quality score.
65,THE,14,University of Tasmania,Australia,Master of Environmental Geospatial Science,0,0,0,0,0,0,,,,,,0,0,0,,,0,0,0,0,,No analyzed posts,No eligible matched posts; sentiment intentionally left blank.
66,THE,15,McMaster University,Canada,No directly qualifying sustainability/environment master's confirmed,33,33,0,33,33,0,0.1449878787878788,0,0.6528272727272727,0.05915065531246658,0.23082510226329103,11,20,2,0.3333333333333333,0.06060606060606061,4,2,0,2,Admissions,Medium coverage,Observational discussion sentiment; not a program-quality score.
67,THE,16,Chulalongkorn University,Thailand,"MA Environment, Development and Sustainability",2,2,0,2,2,0,0.2787,0.2787,0.92595,-0.26755199999999985,0.8249519999999999,1,1,0,0.5,0,0,0,0,0,Admissions,Insufficient for comparison,Observational discussion sentiment; not a program-quality score.
49,THE,17,University of Exeter,United Kingdom,MSc Global Sustainability Solutions,2,2,0,2,2,0,0.43035,0.43035,0.93455,0.37458800000000003,0.486112,2,0,0,1,0,1,0,0,0,Cost and Funding,Insufficient for comparison,Observational discussion sentiment; not a program-quality score.
68,THE,18,Kyungpook National University (KNU),South Korea,Graduate major in Environmental and Energy Engineering,1,1,0,1,1,0,0.7506,0.7506,0.9912,,,1,0,0,1,0,0,0,0,0,Cost and Funding,Insufficient for comparison,Observational discussion sentiment; not a program-quality score.
69,THE,19,The Hong Kong University of Science and Technology,Hong Kong,MSc in Environmental Engineering and Management,20,20,11,9,20,0,0.08576500000000001,0,0.663535,-0.031788537338623524,0.20331853733862354,6,12,2,0.3,0.1,1,2,0,3,Admissions,Low coverage,Observational discussion sentiment; not a program-quality score.
70,THE,20,Lovely Professional University,India,MSc Environmental Sciences,0,0,0,0,0,0,,,,,,0,0,0,,,0,0,0,0,,No analyzed posts,No eligible matched posts; sentiment intentionally left blank.
71,THE,21,University of Malaya,Malaysia,Master of Sustainability Science,2,2,0,2,2,0,0.2553,0.2553,0.8742,-0.24508800000000003,0.7556880000000001,1,1,0,0.5,0,0,1,0,0,Admissions,Insufficient for comparison,Observational discussion sentiment; not a program-quality score.
72,THE,22,Aalborg University,Denmark,MSc Engineering in Sustainable Cities,3,3,1,2,3,0,0.09106666666666667,0,0.6303333333333333,-0.08742399999999999,0.2695573333333333,1,2,0,0.3333333333333333,0,0,0,0,0,Other,Insufficient for comparison,Observational discussion sentiment; not a program-quality score.
73,THE,23,Kyung Hee University,South Korea,Graduate pathway in Environmental Science and Engineering,2,2,0,2,2,0,0.2553,0.2553,0.97135,-0.24508800000000003,0.7556880000000001,1,1,0,0.5,0,0,0,0,0,Research and Thesis,Insufficient for comparison,Observational discussion sentiment; not a program-quality score.
74,THE,24,University of Victoria,Canada,MA/MSc Environmental Studies,17,17,0,17,17,0,0.001417647058823535,0,0.4233705882352941,-0.0954749730207028,0.09831026713834988,3,12,2,0.17647058823529413,0.11764705882352941,2,2,0,1,Admissions,Low coverage,Observational discussion sentiment; not a program-quality score.
76,THE,25,Central Queensland University,Australia,Master of Sustainable Development,1,1,0,1,1,0,0.5994,0.5994,0.9667,,,1,0,0,1,0,0,0,0,0,Admissions,Insufficient for comparison,Observational discussion sentiment; not a program-quality score.
77,THE,26,University of Newcastle,Australia,Master of Environmental Management and Sustainability,0,0,0,0,0,0,,,,,,0,0,0,,,0,0,0,0,,No analyzed posts,No eligible matched posts; sentiment intentionally left blank.
78,THE,27,Northumbria University,United Kingdom,MSc Disaster Management and Sustainable Development,1,1,0,1,1,0,0.34,0.34,0.8242,,,1,0,0,1,0,0,0,0,0,Admissions,Insufficient for comparison,Observational discussion sentiment; not a program-quality score.
79,THE,28,University of Indonesia,Indonesia,Master of Environmental Science,0,0,0,0,0,0,,,,,,0,0,0,,,0,0,0,0,,No analyzed posts,No eligible matched posts; sentiment intentionally left blank.
80,THE,29,An-Najah National University,Palestine,MSc Environmental Sciences,0,0,0,0,0,0,,,,,,0,0,0,,,0,0,0,0,,No analyzed posts,No eligible matched posts; sentiment intentionally left blank.
81,THE,30,Arizona State University (Tempe),United States,Master of Sustainability Solutions,188,188,8,180,188,0,0.1081654255319149,0,0.5580718085106383,0.06542789970292534,0.15090295136090445,65,102,21,0.34574468085106386,0.11170212765957446,35,20,0,4,Admissions,High coverage,Observational discussion sentiment; not a program-quality score.
